booking_type,category,city,country,discount,discountamount,email,eventid,eventtitle,name,organizerid,orgemail,orgname,paymentmode,quantity,regno,state,totalamount,userid,booked_for,booking_date
Early Booking,NewYear,Chennai,India,X,0,r.bharathi@tcs.com,40910,Moon Dance 2014,bharathi Rahul,86034,ennstyleevm@gmail.com,Saiprasath,Card,1,112070,Tamil Nadu,3000,95792,12/31/2013,12/23/2013
Late Booking,NewYear,Chennai,India,X,0,prakarthik08@gmail.com,40910,Moon Dance 2014,Karthikeyan,86034,ennstyleevm@gmail.com,Saiprasath,Card,1,114138,Tamil Nadu,3000,97141,12/31/2013,12/30/2013
Early Booking,NewYear,Hyderabad,India,X,0,shami76in@yahoo.com,41948,CITY OF M 2014 - Prologue at LICEC,MOHAMMED SHAMI,80759,naren.b@leonia.in,Naren  B,Card,4,112546,Telangana,5600,96064,12/31/2013,12/25/2013
Early Booking,NewYear,Hyderabad,India,X,0,prasad1956@gmail.com,41948,CITY OF M 2014 - Prologue at LICEC,Bonda Naga Rama Prasad,80759,naren.b@leonia.in,Naren  B,Card,1,113347,Telangana,2000,96580,12/31/2013,12/27/2013
Late Booking,NewYear,Hyderabad,India,MENY12014,480,suba.archi@gmail.com,41948,CITY OF M 2014 - Prologue at LICEC,Archana Potharaju,80759,naren.b@leonia.in,Naren  B,Card,3,113597,Telangana,4320,96751,12/31/2013,12/28/2013
Late Booking,NewYear,Hyderabad,India,X,0,suman.kulvir@gmail.com,41948,CITY OF M 2014 - Prologue at LICEC,Suman Chauhan,80759,naren.b@leonia.in,Naren  B,Card,2,113908,Telangana,2800,96980,12/31/2013,12/29/2013
Late Booking,NewYear,Hyderabad,India,X,0,bhargavioffice@yahoo.com,41948,CITY OF M 2014 - Prologue at LICEC,Bhargavi,80759,naren.b@leonia.in,Naren  B,Card,1,114454,Telangana,1400,97359,12/31/2013,12/30/2013
Late Booking,NewYear,Hyderabad,India,X,0,ghanshyamd@gmail.com,41948,CITY OF M 2014 - Prologue at LICEC,Ganashyam Dontula,80759,naren.b@leonia.in,Naren  B,Card,1,115708,Telangana,2000,98210,12/31/2013,12/31/2013
Late Booking,NewYear,Hyderabad,India,X,0,zzzmahesh@gmail.com,41948,CITY OF M 2014 - Prologue at LICEC,Mahesh Yaddanapudi,80759,naren.b@leonia.in,Naren  B,Card,2,115767,Telangana,4000,98241,12/31/2013,12/31/2013
Early Booking,NewYear,Pune,India,X,0,swapnilbedke@gmail.com,44155,Wonderland NYE 2014,swapnil,93243,info@chromozomenetwork.com,Anisha,Card,1,109390,Maharashtra,4999,93862,12/31/2013,08/12/2013
Early Booking,NewYear,Bengaluru,India,X,0,shenoyh89@yahoo.co.in,44155,Wonderland NYE 2014,Harish Shenoy,92950,mail@abhishekkhamrai.com,Abhishek Khamrai,Card,5,109979,Karnataka,12995,94351,12/31/2013,12/12/2013
Early Booking,NewYear,Bengaluru,India,X,0,shenoyh89@yahoo.co.in,44155,Wonderland NYE 2014,Harish Shenoy,92950,mail@abhishekkhamrai.com,Abhishek Khamrai,Card,1,110762,Karnataka,1999,94351,12/31/2013,12/17/2013
Early Booking,NewYear,Pune,India,X,0,sachin3085@yahoo.com,44155,Wonderland NYE 2014,Sachin V. Bhagat,92950,mail@abhishekkhamrai.com,Abhishek Khamrai,Card,2,111154,Maharashtra,5998,95229,12/31/2013,12/18/2013
Early Booking,NewYear,Bengaluru,India,X,0,shenoyh89@yahoo.co.in,44155,Wonderland NYE 2014,Harish Shenoy,92950,mail@abhishekkhamrai.com,Abhishek Khamrai,Card,1,111632,Karnataka,1999,94351,12/31/2013,12/21/2013
Early Booking,NewYear,Pune,India,X,0,d_das1011@in.com,44155,Wonderland NYE 2014,DEVICHAND DAS,92950,mail@abhishekkhamrai.com,Abhishek Khamrai,Card,4,111794,Maharashtra,11996,95644,12/31/2013,12/22/2013
Early Booking,NewYear,Pune,India,NY2014,2100,samslopez@hotmail.com,44155,Wonderland NYE 2014,Sam Lopez,92950,mail@abhishekkhamrai.com,Abhishek Khamrai,Card,3,112599,Maharashtra,8397,96102,12/31/2013,12/25/2013
Early Booking,NewYear,Pune,India,NY2014,1400,saurav_kumar3@yahoo.com,44155,Wonderland NYE 2014,saurav kumar,92950,mail@abhishekkhamrai.com,Abhishek Khamrai,Card,2,112615,Maharashtra,5598,96114,12/31/2013,12/25/2013
Early Booking,NewYear,Pune,India,NY2014,1400,ankitbansal4in@yahoo.co.in,44155,Wonderland NYE 2014,Ankit Bansal,92950,mail@abhishekkhamrai.com,Abhishek Khamrai,Card,2,112634,Maharashtra,5598,69093,12/31/2013,12/25/2013
Early Booking,NewYear,Pune,India,NY2014,700,ankitbansal4in@yahoo.co.in,44155,Wonderland NYE 2014,Ankit Bansal,92950,mail@abhishekkhamrai.com,Abhishek Khamrai,Card,1,112641,Maharashtra,2799,69093,12/31/2013,12/25/2013
Early Booking,NewYear,Pune,India,X,0,tiwarisourabh@gmail.com,44155,Wonderland NYE 2014,Sourabh Tiwari,92950,mail@abhishekkhamrai.com,Abhishek Khamrai,Card,1,112659,Maharashtra,3499,96143,12/31/2013,12/25/2013
Early Booking,NewYear,Pune,India,X,0,sarangpowar@yahoo.com,44155,Wonderland NYE 2014,sarang,92950,mail@abhishekkhamrai.com,Abhishek Khamrai,Card,1,113230,Maharashtra,3499,96487,12/31/2013,12/27/2013
Early Booking,NewYear,Pune,India,X,0,kamatbiotech@gmail.com,44155,Wonderland NYE 2014,vivek kamat,92950,mail@abhishekkhamrai.com,Abhishek Khamrai,Card,1,113285,Maharashtra,3499,96530,12/31/2013,12/27/2013
Late Booking,NewYear,Pune,India,X,0,nikhilsm2601@gmail.com,44155,Wonderland NYE 2014,Nikhil Mundada,92950,mail@abhishekkhamrai.com,Abhishek Khamrai,Card,2,113461,Maharashtra,4998,96650,12/31/2013,12/28/2013
Late Booking,NewYear,Pune,India,X,0,shrutika.murthy.2012@sse.ac.in,44155,Wonderland NYE 2014,Shrutika Murthy,92950,mail@abhishekkhamrai.com,Abhishek Khamrai,Card,1,113484,Maharashtra,3499,96665,12/31/2013,12/28/2013
Late Booking,NewYear,Pune,India,wonderland2,2050,amrutraj.g@gmail.com,44155,Wonderland NYE 2014,Amrut Raj,92950,mail@abhishekkhamrai.com,Abhishek Khamrai,Card,7,113627,Maharashtra,18443,96768,12/31/2013,12/28/2013
Late Booking,NewYear,Pune,India,wonder123,2050,ujjwal.g4@gmail.com,44155,Wonderland NYE 2014,Ujjwal Singh,92950,mail@abhishekkhamrai.com,Abhishek Khamrai,Card,7,113696,Maharashtra,18443,96821,12/31/2013,12/28/2013
Late Booking,NewYear,Pune,India,X,0,abhishek.hanagandi@gamil.com,44155,Wonderland NYE 2014,Abhishek Hanagandi,92950,mail@abhishekkhamrai.com,Abhishek Khamrai,Card,2,113762,Maharashtra,4998,96877,12/31/2013,12/29/2013
Late Booking,NewYear,Pune,India,X,0,bhagirathsumi@gmail.com,44155,Wonderland NYE 2014,bhagirath godara,92950,mail@abhishekkhamrai.com,Abhishek Khamrai,Card,1,113780,Maharashtra,3499,96893,12/31/2013,12/29/2013
Late Booking,NewYear,Pune,India,wonder5,525,rohit_1991us@yahoo.com,44155,Wonderland NYE 2014,Rohit Suryawanshi,92950,mail@abhishekkhamrai.com,Abhishek Khamrai,Card,1,113837,Maharashtra,2974,96940,12/31/2013,12/29/2013
Late Booking,NewYear,Mumbai,India,X,0,vaibhavlodaya@gmail.com,44155,Wonderland NYE 2014,vaibhav v lodaya,92950,mail@abhishekkhamrai.com,Abhishek Khamrai,Card,2,114051,Maharashtra,6998,97093,12/31/2013,12/30/2013
Late Booking,NewYear,Pune,India,X,0,Coolck99@gmail.com,44155,Wonderland NYE 2014,chirag patel,92950,mail@abhishekkhamrai.com,Abhishek Khamrai,Card,1,114317,Maharashtra,2499,450888,12/31/2013,12/30/2013
Late Booking,NewYear,Pune,India,wonderland1234,525,jenilbafna@gmail.com,44155,Wonderland NYE 2014,Jenil Bafna,92950,mail@abhishekkhamrai.com,Abhishek Khamrai,Card,3,114356,Maharashtra,9972,97274,12/31/2013,12/30/2013
Late Booking,NewYear,Pune,India,WONDERLAND2,700,neeti.iyer@gmail.com,44155,Wonderland NYE 2014,Neeti Iyer,92950,mail@abhishekkhamrai.com,Abhishek Khamrai,Card,2,114438,Maharashtra,6298,97348,12/31/2013,12/30/2013
Late Booking,NewYear,Pune,India,wonderland1234,250,bindaas_aamu@yahoo.co.in,44155,Wonderland NYE 2014,aamera khan,92950,mail@abhishekkhamrai.com,Abhishek Khamrai,Card,2,114496,Maharashtra,4748,97384,12/31/2013,12/30/2013
Late Booking,NewYear,Pune,India,wonder3,1812,nidhinkp2010@gmail.com,44155,Wonderland NYE 2014,Nidhin Pillai,92950,mail@abhishekkhamrai.com,Abhishek Khamrai,Card,5,114620,Maharashtra,12683,97464,12/31/2013,12/30/2013
Late Booking,NewYear,Mumbai,India,X,0,lusvgsharma@gmail.com,44155,Wonderland NYE 2014,Gaurav Sharma,92950,mail@abhishekkhamrai.com,Abhishek Khamrai,Card,1,114662,Maharashtra,3499,460348,12/31/2013,12/30/2013
Late Booking,NewYear,Pune,India,wonder3,2750,ashutoshkaushik86@gmail.com,44155,Wonderland NYE 2014,Ashutosh Kaushik,92950,mail@abhishekkhamrai.com,Abhishek Khamrai,Card,8,114713,Maharashtra,19250,97531,12/31/2013,12/30/2013
Late Booking,NewYear,Pune,India,X,0,Wardhawalahussain@gmail.com,44155,Wonderland NYE 2014,hussain wardhawala,92950,mail@abhishekkhamrai.com,Abhishek Khamrai,Card,1,114736,Maharashtra,2000,97548,12/31/2013,12/30/2013
Late Booking,NewYear,Pune,India,X,0,paras.vora1801@gmail.com,44155,Wonderland NYE 2014,Paras Vora,92950,mail@abhishekkhamrai.com,Abhishek Khamrai,Card,2,114811,Maharashtra,10000,97595,12/31/2013,12/30/2013
Late Booking,NewYear,Pune,India,wonderland2,1200,ndrd@rediffmail.com,44155,Wonderland NYE 2014,Rahul Dutt Sharma,92950,mail@abhishekkhamrai.com,Abhishek Khamrai,Card,4,114828,Maharashtra,10800,97580,12/31/2013,12/30/2013
Late Booking,NewYear,Pune,India,X,0,siddharthchowdhary85@gmail.com,44155,Wonderland NYE 2014,siddharth chowdhary,92950,mail@abhishekkhamrai.com,Abhishek Khamrai,Card,5,114872,Maharashtra,14000,97642,12/31/2013,12/30/2013
Late Booking,NewYear,Pune,India,X,0,sabricoeh@gmail.com,44155,Wonderland NYE 2014,Salis Sabri,92950,mail@abhishekkhamrai.com,Abhishek Khamrai,Card,2,114912,Maharashtra,6000,97568,12/31/2013,12/31/2013
Late Booking,NewYear,Pune,India,X,0,raomohang12@gmail.com,44155,Wonderland NYE 2014,Mohan Gopal Rao,92950,mail@abhishekkhamrai.com,Abhishek Khamrai,Card,2,114927,Maharashtra,5000,97684,12/31/2013,12/31/2013
Late Booking,NewYear,Pune,India,X,0,rahul.rokz86@gmail.com,44155,Wonderland NYE 2014,Rahul Agarwal,92950,mail@abhishekkhamrai.com,Abhishek Khamrai,Card,1,114931,Maharashtra,3000,460077,12/31/2013,12/31/2013
Late Booking,NewYear,Pune,India,X,0,ogpsangeeta@gmail.com,44155,Wonderland NYE 2014,sangeeta bisne,92950,mail@abhishekkhamrai.com,Abhishek Khamrai,Card,1,114976,Maharashtra,1000,97715,12/31/2013,12/31/2013
Late Booking,NewYear,Pune,India,wonder5,450,dcena.dheeru@gmail.com,44155,Wonderland NYE 2014,Dheerendra Singh Chandel,92950,mail@abhishekkhamrai.com,Abhishek Khamrai,Card,1,114983,Maharashtra,2550,97720,12/31/2013,12/31/2013
Late Booking,NewYear,Pune,India,X,0,subhash.rajput89@gmail.com,44155,Wonderland NYE 2014,Subhash Chauhan,92950,mail@abhishekkhamrai.com,Abhishek Khamrai,Card,5,115024,Maharashtra,14000,97741,12/31/2013,12/31/2013
Late Booking,NewYear,Pune,India,X,0,subhash.rajput89@gmail.com,44155,Wonderland NYE 2014,Subhash Chauhan,92950,mail@abhishekkhamrai.com,Abhishek Khamrai,Card,2,115054,Maharashtra,4000,97741,12/31/2013,12/31/2013
Late Booking,NewYear,Pune,India,X,0,padamtech@gmail.com,44155,Wonderland NYE 2014,Vinay Padam Vinay,92950,mail@abhishekkhamrai.com,Abhishek Khamrai,Card,4,115062,Maharashtra,10000,97541,12/31/2013,12/31/2013
